step,loss,learning_rate
1.0,0.3536177100613713,9.999383162408304e-05
2.0,0.1950917460490018,9.997532801828658e-05
3.0,0.3233696832321584,9.994449374809851e-05
4.0,0.21448878571391106,9.990133642141359e-05
5.0,0.14154894516104832,9.98458666866564e-05
6.0,0.19981166580691934,9.9778098230154e-05
7.0,0.08157053031027317,9.9698047772759e-05
8.0,0.19891255249967799,9.96057350657239e-05
9.0,0.1563209379091859,9.950118288582787e-05
10.0,0.11764031043276191,9.938441702975689e-05
11.0,0.05455392599105835,9.925546630773869e-05
12.0,0.06647093466017395,9.911436253643444e-05
13.0,0.3204887602478266,9.896114053108829e-05
14.0,0.013929925742559135,9.879583809693738e-05
15.0,0.19398230081424117,9.861849601988384e-05
16.0,0.12635396514087915,9.842915805643157e-05
17.0,0.2814869089052081,9.822787092288992e-05
18.0,0.3458450920879841,9.801468428384718e-05
19.0,0.0751231973990798,9.778965073991652e-05
20.0,0.2645994517952204,9.75528258147577e-05
21.0,0.007571910507977009,9.730426794137729e-05
22.0,0.22081830364186317,9.70440384477113e-05
23.0,0.24098212691023946,9.67722015414934e-05
24.0,0.09066568792331964,9.64888242944126e-05
25.0,0.04513546475209296,9.619397662556436e-05
26.0,0.14523074636235833,9.588773128419907e-05
27.0,0.09330090740695596,9.557016383177228e-05
28.0,0.20453733252361417,9.524135262330099e-05
29.0,0.12937532574869692,9.49013787880308e-05
30.0,0.15716142836026847,9.455032620941841e-05
31.0,0.15730176866054535,9.418828150443471e-05
32.0,0.1548406481742859,9.381533400219321e-05
33.0,0.06844267714768648,9.343157572190959e-05
34.0,0.08119904343038797,9.303710135019721e-05
35.0,0.1355817568837665,9.263200821770464e-05
36.0,0.30862216278910637,9.221639627510079e-05
37.0,0.1637239446863532,9.179036806841354e-05
38.0,0.08935747493524104,9.135402871372811e-05
39.0,0.08071401342749596,9.09074858712512e-05
40.0,0.07752065814565867,9.04508497187474e-05
41.0,0.10767236002720892,8.998423292435457e-05
42.0,0.18615747010335326,8.950775061878454e-05
43.0,0.18721712252590805,8.902152036691651e-05
44.0,0.052234570612199605,8.852566213878949e-05
45.0,0.26478465367108583,8.802029828000158e-05
46.0,0.1889277151785791,8.750555348152301e-05
47.0,0.07166448421776295,8.698155474893051e-05
48.0,0.07548259780742228,8.64484313710706e-05
49.0,0.07667372329160571,8.590631488815948e-05
50.0,0.10499652370344847,8.53553390593274e-05
51.0,0.1921141946222633,8.479563982961574e-05
52.0,0.0034976040187757462,8.422735529643446e-05
53.0,0.11819617578294128,8.365062567548869e-05
54.0,0.25782235246151686,8.306559326618262e-05
55.0,0.028056580224074423,8.24724024165092e-05
56.0,0.14314622152596712,8.187119948743451e-05
57.0,0.018644507159478962,8.126213281678528e-05
58.0,0.13372035196516663,8.064535268264884e-05
59.0,0.14409447461366653,8.002101126629422e-05
60.0,0.06983477529138327,7.938926261462369e-05
61.0,0.11751779820770025,7.875026260216395e-05
62.0,0.06968664063606411,7.810416889260656e-05
63.0,0.23820191010599956,7.745114089990661e-05
64.0,0.07944688806310296,7.679133974894984e-05
65.0,0.20133491279557347,7.612492823579746e-05
66.0,0.11593287583673373,7.545207078751858e-05
67.0,0.10045787179842591,7.47729334216204e-05
68.0,0.04218145413324237,7.408768370508578e-05
69.0,0.09568615013267845,7.33964907130287e-05
70.0,0.1373725184239447,7.269952498697737e-05
71.0,0.22926527011441067,7.199695849279577e-05
72.0,0.05116695072501898,7.128896457825365e-05
73.0,0.19049253332195804,7.057571793025547e-05
74.0,0.17751760501414537,6.985739453173906e-05
75.0,0.1988773350021802,6.913417161825453e-05
76.0,0.18335380032658577,6.840622763423394e-05
77.0,0.14944737870246172,6.767374218896289e-05
78.0,0.04754339944338426,6.693689601226461e-05
79.0,0.0758941330423113,6.61958709099075e-05
80.0,0.015585566870868206,6.54508497187474e-05
81.0,0.4241167940199375,6.470201626161523e-05
82.0,0.1828656846191734,6.39495553019615e-05
83.0,0.14857951668091118,6.319365249826866e-05
84.0,0.10797124693635851,6.243449435824276e-05
85.0,0.12527940527070314,6.16722681927953e-05
86.0,0.07739216019399464,6.090716206982716e-05
87.0,0.19869462540373206,6.013936476782566e-05
88.0,0.1395117249339819,5.936906572928627e-05
89.0,0.16447920491918921,5.85964550139705e-05
90.0,0.10861139139160514,5.782172325201157e-05
91.0,0.1044101589359343,5.704506159687917e-05
92.0,0.1314809205941856,5.626666167821525e-05
93.0,0.2974939572159201,5.5486715554552294e-05
94.0,0.127202358096838,5.4705415665925744e-05
95.0,0.2780752938706428,5.392295478639228e-05
96.0,0.3601249121129513,5.3139525976465704e-05
97.0,0.06634640443371609,5.235532253548216e-05
98.0,0.17000184499192983,5.157053795390644e-05
99.0,0.3772685434669256,5.078536586559106e-05
100.0,0.20288609294220805,5.000000000000002e-05
101.0,0.12633416010066867,4.9214634134409e-05
102.0,0.07895750924944878,4.8429462046093606e-05
103.0,0.08270287024788558,4.764467746451789e-05
104.0,0.15273637557402253,4.686047402353435e-05
105.0,0.31688959151506424,4.607704521360778e-05
106.0,0.22630622261203825,4.52945843340743e-05
107.0,0.14578234340297058,4.451328444544776e-05
108.0,0.27346124057658017,4.3733338321784816e-05
109.0,0.03391738957725465,4.2954938403120904e-05
110.0,0.27705681463703513,4.217827674798849e-05
111.0,0.1458925736369565,4.140354498602955e-05
112.0,0.1614600419998169,4.06309342707138e-05
113.0,0.3530870070680976,3.986063523217441e-05
114.0,0.07542804977856576,3.909283793017292e-05
115.0,0.1546299559995532,3.8327731807204754e-05
116.0,0.10670735198073089,3.756550564175729e-05
117.0,0.2248619848396629,3.680634750173138e-05
118.0,0.3273617224767804,3.605044469803857e-05
119.0,0.0639500702964142,3.529798373838484e-05
120.0,0.023786705045495182,3.4549150281252677e-05
121.0,0.1395660787820816,3.3804129090092555e-05
122.0,0.19862268771976233,3.306310398773546e-05
123.0,0.26008460856974125,3.2326257811037176e-05
124.0,0.08860936516430229,3.159377236576614e-05
125.0,0.26983767247293144,3.086582838174555e-05
126.0,0.07844594458583742,3.0142605468260988e-05
127.0,0.3049954939633608,2.9424282069744587e-05
128.0,0.01788146630860865,2.8711035421746394e-05
129.0,0.20720138819888234,2.8003041507204266e-05
130.0,0.29326298693194985,2.7300475013022687e-05
131.0,0.1459645638242364,2.6603509286971362e-05
132.0,0.11497125891037285,2.591231629491425e-05
133.0,0.2623502458445728,2.5227066578379638e-05
134.0,0.1868800474330783,2.4547929212481452e-05
135.0,0.04730001476127654,2.3875071764202576e-05
136.0,0.03593993670074269,2.320866025105017e-05
137.0,0.00545652536675334,2.254885910009342e-05
138.0,0.234861277975142,2.189583110739348e-05
139.0,0.0912359282374382,2.1249737397836087e-05
140.0,0.12446643598377705,2.0610737385376366e-05
141.0,0.1661743256263435,1.997898873370582e-05
142.0,0.2438151118112728,1.9354647317351185e-05
143.0,0.05754379474092275,1.8737867183214753e-05
144.0,0.17148258164525032,1.8128800512565523e-05
145.0,0.2611382519826293,1.7527597583490833e-05
146.0,0.18516543449368328,1.6934406733817424e-05
147.0,0.16443508467637002,1.6349374324511338e-05
148.0,0.056221529957838356,1.5772644703565572e-05
149.0,0.08170714415609837,1.5204360170384293e-05
150.0,0.05981226824223995,1.4644660940672636e-05
151.0,0.2579897637479007,1.4093685111840573e-05
152.0,0.2585571191739291,1.3551568628929441e-05
153.0,0.09697543876245618,1.3018445251069522e-05
154.0,0.2731254471000284,1.2494446518477032e-05
155.0,0.2245406238362193,1.1979701719998459e-05
156.0,0.05508690653368831,1.1474337861210548e-05
157.0,0.036958125652745366,1.0978479633083527e-05
158.0,0.2694312734529376,1.0492249381215484e-05
159.0,0.16168812662363052,1.001576707564548e-05
160.0,0.10517948865890503,9.549150281252636e-06
161.0,0.3258267299097497,9.092514128748838e-06
162.0,0.08140028733760118,8.645971286271922e-06
163.0,0.27613693522289395,8.2096319315865e-06
164.0,0.4567717909812927,7.78360372489926e-06
165.0,0.12448177125770599,7.367991782295404e-06
166.0,0.1051647316198796,6.962898649802814e-06
167.0,0.3119503818452358,6.568424278090436e-06
168.0,0.19706198386847973,6.184665997806822e-06
169.0,0.17988151218742132,5.811718495565328e-06
170.0,0.20650060661137104,5.449673790581612e-06
171.0,0.03673064161557704,5.098621211969225e-06
172.0,0.07145895645953715,4.758647376699034e-06
173.0,0.08605964668095112,4.429836168227748e-06
174.0,0.02176838822197169,4.112268715800956e-06
175.0,0.06150303001049906,3.8060233744356756e-06
176.0,0.032330713933333755,3.5111757055874337e-06
177.0,0.04792894423007965,3.227798458506632e-06
178.0,0.15169582841917872,2.955961552288728e-06
179.0,0.05913800961570814,2.695732058622736e-06
180.0,0.15508442046120763,2.447174185242324e-06
181.0,0.2385761458426714,2.210349260083495e-06
182.0,0.2505598867428489,1.985315716152853e-06
183.0,0.11420621769502759,1.7721290771101025e-06
184.0,0.2132997874286957,1.5708419435684526e-06
185.0,0.17971619320451282,1.381503980116173e-06
186.0,0.027585208415985107,1.2041619030626345e-06
187.0,0.10570098605239764,1.0388594689117076e-06
188.0,0.15841604210436344,8.856374635655644e-07
189.0,0.10133583995047957,7.44533692261307e-07
190.0,0.12100558402016759,6.155829702431173e-07
191.0,0.25261771120131016,4.988171141721235e-07
192.0,0.1320603015483357,3.9426493427611203e-07
193.0,0.18126909027341753,3.019522272410204e-07
194.0,0.07297609373927116,2.2190176984600031e-07
195.0,0.1357488048961386,1.541333133436019e-07
196.0,0.2555224373936653,9.86635785864221e-08
197.0,0.43442957499064505,5.550625190150485e-08
198.0,0.3177430313080549,2.467198171342001e-08
199.0,0.21574972942471504,6.168375916970617e-09
200.0,0.12413217476569116,0.0
