Read ID,Sequence,Rank,Position,Hamming Distance,Mismatch Details,Status,Candidates,Elapsed us
1,"AACCGTATATATTAATACCCCCCGCTGCAC",1,0,1,"6:G>A",匹配,1,1
2,"AACTAGGACGCTCTGCGTGTACCAAGAAAA",1,60,2,"73:G>T;82:G>C",匹配,2,1
3,"AACACAAATTGGTCGGCTGTGAGCAATCGT",1,121,1,"141:A>G",匹配,2,1
4,"TTTACCCATTGATATGTCAAAACGTACATC",1,181,2,"201:C>A;208:G>A",匹配,3,1
5,"ATTGTAGGGCGGAAACCTGTTGTTACGGCG",1,242,1,"252:T>G",匹配,1,1
6,"GTTCTCCCGCCAGGCCGTACGTATTCCTGC",1,303,2,"320:C>T;321:G>A",匹配,1,0
7,"TCAACACTGAGGAAAGGGCATTTACCCGGG",1,363,1,"387:T>C",匹配,2,0
8,"CCCAACGGGGAGTTATGGACTTATAAGCAC",1,424,2,"431:T>G;440:A>G",匹配,1,0
9,"TCTCCTTTGCTGAGTGTAGTTGACAGACCT",1,484,1,"498:C>T",匹配,1,0
10,"ATTGAGAAGAGGAACCCCACCCATTACTTG",1,545,2,"559:A>C;566:T>C",匹配,1,0
11,"TACCTCAGTCTCGTGAACCACCGTAGCTAC",1,606,1,"634:C>A",匹配,2,1
12,"ACCATAGTGGGTCGGAGATAGGAGTACCAT",1,666,2,"677:C>T;678:T>C",匹配,3,1
13,"AAGTTGACAGAAGGTCCCGCTAGTATGAAT",1,727,1,"745:C>G",匹配,2,1
14,"TATTACAGATGATATTTTGGATATAAGCCG",1,787,2,"797:A>G;812:C>A",匹配,2,0
15,"GCGCCGATCTAATCCGGTGACCTCATAGAC",1,848,1,"856:G>C",匹配,2,2
16,"TACGCTTGTGAGAGTTGATTGGATATTCGG",1,909,2,"917:G>T;924:A>T",匹配,2,1
17,"GCGAACGACCGTACACACGTCGTTATGTTC",1,969,1,"991:G>T",匹配,3,2
18,"GGGATACAACTAGTACTAAGTCGATCTCTC",1,1030,2,"1036:T>C;1059:G>C",匹配,5,2
19,"ACAAGGCGAGTCTACGTTATCGTTCGTGAC",1,1091,1,"1103:A>T",匹配,1,1
20,"CATCCAAACCTCAATACTTCGCATGTCGGA",1,1151,2,"1170:A>C;1179:A>G",匹配,3,1
21,"AATTCGTTCTTTCCACAGGCTTCCTAGCTC",1,1212,1,"1238:A>G",匹配,1,1
22,"CCCCATACAGCTTCACGATAGAATCCCACG",1,1272,2,"1281:C>G;1298:A>C",匹配,1,1
23,"AGAACACTTTCATTTTACCTTTTTTGCAAA",1,1333,1,"1349:C>A",匹配,2,1
24,"CGCCTAAGTGTAGCACTGGCGAAAAAATCG",1,1394,2,"1417:T>A;1418:G>A",匹配,1,1
25,"ATCAGGACGTCAAGTTGTTCTGTCCTCCCG",1,1454,1,"1460:G>A",匹配,2,0
26,"TGCTGTTGGGATAATTATCGGCCACTGCGC",1,1515,2,"1528:C>A;1537:G>C",匹配,3,1
27,"GTATGCGTCTAGTCCAAAGATGATTTTCAG",1,1575,1,"1595:C>T",匹配,1,0
28,"CCGTAGAGCAGGATCAGCCGTATTGCTTAC",1,1636,2,"1656:G>T;1663:A>T",匹配,2,0
29,"GACTTTTACTTCTCTTATCTTTTTGGCCGA",1,1697,1,"1707:G>T",匹配,1,0
30,"CCGTTTACCACGGTGCTGTCTTTCTAGACC",1,1757,2,"1774:A>G;1775:A>T",匹配,1,1
31,"TGTTACAACTCGACATTTTTAAAGAGATAA",1,1818,1,"1842:G>A",匹配,3,1
32,"GTTTCAACTTGTGCCGACAGATAGATTGCC",1,1878,2,"1885:A>C;1894:T>A",匹配,1,1
33,"TCCCCGGAAGAGAATACACCGCATGTACAA",1,1939,1,"1953:C>T",匹配,1,0
34,"ATAGCAACGGAACTCATACTTGTGCCCCCG",1,2000,2,"2014:A>C;2021:C>G",匹配,1,0
35,"CATGCAATCGATCTCCGTACAGACGTAGCG",1,2060,1,"2088:A>C",匹配,1,0
36,"GTCTCCAGGGTGAGGTAACGCTGGCTGCCG",1,2121,2,"2132:A>G;2133:G>A",匹配,3,1
37,"GTCTCTCTTTATTAATCCGGTCACGATTAC",1,2182,1,"2200:C>G",匹配,2,0
38,"CGACACATAGACGATCAATGAGGTTAGAGC",1,2242,2,"2252:T>A;2267:C>A",匹配,1,0
39,"TGATATGTACACGGCGCCTTCCTTGGATCG",1,2303,1,"2311:T>A",匹配,2,0
40,"ATGTCTGAATAAGCGGTTCGACAAATACTC",1,2363,2,"2371:C>A;2378:C>G",匹配,2,0
41,"TAGCTTCGCTATCGTCACGACGGCTGTCAT",1,2424,1,"2446:T>G",匹配,1,0
42,"ACGCGTCGAGGCTGTCCGGTCCTATGGTGC",1,2485,2,"2491:T>C;2514:G>C",匹配,1,0
43,"CGAACCTATACCATCCATGCTAATCGGCGG",1,2545,1,"2557:G>A",匹配,1,0
44,"ATATGCTGTCGTAGGGAATTTTGGTTCGGG",1,2606,2,"2625:G>T;2634:A>G",匹配,1,0
45,"TATAAGGTAAGGGGTTGACGTCGCGTGCGC",1,2666,1,"2692:A>G",匹配,2,0
46,"GGTACGCGAGTCTAGATCGTGGCAAGTACG",1,2727,2,"2736:C>G;2753:G>T",匹配,2,1
47,"CGCAGGACGGTAGGCGAATTGCAGTTTCGC",1,2788,1,"2804:C>A",匹配,1,0
48,"GATAAGCCGCTGACCTTAATGATCATCGAC",1,2848,2,"2871:G>C;2872:G>A",匹配,1,0
49,"TACCGAGCGAGGGGCTATCGATACTGAATA",1,2909,1,"2915:C>G",匹配,1,0
50,"GACGTGCTGGCCAGCCAGTTATTAATTGGG",1,2970,2,"2983:T>G;2992:C>T",匹配,1,0
