file_name,text,_keyword_score
images/10_CN_ShanShui__painting125.jpg,"CN_ShanShui, a minimalist composition focusing on a solitary fishing boat floating on the open water. The boat is long and narrow, depicted with a few simple, expressive dark strokes. A fisherman wearing a wide-brimmed straw hat sits at the stern. The background features faint, blurred horizontal ink washes that suggest a distant shoreline or marshy bank. The vast negative space and the coarse grain of the fibrous antique paper create a serene, poetic atmosphere of isolation.",19
images/10_CN_ShanShui__painting414.jpg,"CN_ShanShui, a serene waterscape emphasizing the vastness of nature. A long, horizontal green sandbar stretches across the middle ground, separating the foreground water from the distant mountain range. Two tiny, minimalist fishing boats drift in the open water on the right. The color palette is subdued, focusing on shades of green and ochre to depict a quiet, misty river scene.",17
images/10_CN_ShanShui__painting537.jpg,"CN_ShanShui, a mid-distance landscape composition showing a riverbank stretching into the water. The background features rolling hills painted with soft ink washes, while the foreground shows a calm river surface with a tiny, solitary fishing boat rendered in minimalist strokes. Trees line the base of the hills. The image features a dim, sepia-toned antique texture, evoking a serene and misty atmosphere on worn silk.",17
images/10_CN_ShanShui__painting541.jpg,"CN_ShanShui, a mid-distance landscape composition showing a riverbank stretching into the water. The background features rolling hills painted with soft ink washes, while the foreground shows a calm river surface with a tiny, solitary fishing boat rendered in minimalist strokes. Trees line the base of the hills. The image features a dim, sepia-toned antique texture, evoking a serene and misty atmosphere on worn silk.",17
images/30_CN_ShanShui__complete48.jpg,"CN_ShanShui, a wide-angle panoramic view of a traditional Chinese landscape painting. The background consists of continuous rolling earthen hills and ridges, rendered with soft, long hemp-fiber strokes (Pi Ma Cun) and layered with dense, dark moss dots to represent vegetation. A vast, calm river expanse occupies the center and foreground, represented by negative space. In the lower right foreground, a group of figures stands on a flat, extending sandbar, while a boat with a canopy and passengers drifts nearby in the open water. To the far right, clusters of withered reeds are depicted with swift, dark calligraphic strokes. Several tiny, distant fishing boats are visible in the background water. The image features a dim, sepia-toned antique texture on worn silk, with two red collector seals visible in the upper right corner, evoking a serene, misty, and expansive autumnal atmosphere.",17
images/10_CN_ShanShui__painting102.jpg,"CN_ShanShui, a composition emphasizing the vastness of the river. In the bottom left corner, a tiny, solitary fishing boat with a figure floats on the empty space. Above, large pine branches drape down from the top right, framing the scene. The contrast between the heavy, dark pine foliage and the delicate line work of the boat highlights the scale of nature versus man. The fibrous antique paper texture fills the negative space, representing the water.",16
images/10_CN_ShanShui__painting307.jpg,"CN_ShanShui, a close-up riverside scene featuring a large wooden fishing boat with a canopy docked near the shore. Several smaller boats are sailing in the upper distance on the vast green water. The foreground displays detailed pine trees with gnarly trunks and a small, bright azurite blue rock. The water surface is uniformly textured with fine wave lines.",16
images/10_CN_ShanShui__painting358.jpg,"CN_ShanShui, a detailed close-up focusing on a vast expanse of green water textured with intricate wave patterns. A large wooden merchant boat with a tall mast and cabin is docked near a small grassy bank on the left. A cluster of trees stands at the water's edge. In the distance, a tiny fishing boat floats on the open river. The composition is dominated by the negative space of the water.",16
images/10_CN_ShanShui__painting359.jpg,"CN_ShanShui, a seascape composition featuring two small fishing boats sailing in parallel on a vast expanse of green water. The water surface is textured with delicate wave patterns. In the background, a long, flat strip of land extends horizontally, painted in a smooth green wash with tiny ink dots representing distant trees. The scene emphasizes the solitude of travel on a wide river.",16
images/10_CN_ShanShui__painting385.jpg,"CN_ShanShui, a tranquil level-distance view of a marshy riverbank. A cluster of weeping willows with vibrant green foliage stands near the shore, sheltering two docked fishing boats with canopies. A long wooden bridge stretches across the water to the left, connecting the flatlands. The terrain is painted in flat washes of ochre and green with minimal texture strokes, evoking a peaceful spring afternoon on the river.",16
images/10_CN_ShanShui__painting396.jpg,"CN_ShanShui, a transitional landscape scene moving from a steep mountain slope on the left to a flat riverside village on the right. The mountain foot is painted in gradients of azurite blue and malachite green with visible ""hemp-fiber"" texture strokes. The village features a cluster of thatched cottages nestled among willow trees along the bank. Several fishing boats are docked nearby on the green water, depicting a peaceful riverside settlement.",16
images/10_CN_ShanShui__painting399.jpg,"CN_ShanShui, a minimalist water-centric scene dominated by negative space. The vast river surface is meticulously covered in repetitive ""fish-scale"" wave patterns in a subtle green hue. A small, isolated blue rock formation breaks the monotony on the left, and tiny fishing boats drift in the distance. The image emphasizes the vastness of the river and the solitude of the traveler.",16
images/10_CN_ShanShui__painting542.jpg,"CN_ShanShui, a view of a river surface featuring a thick patch of wild reeds in the foreground, painted with swift, calligraphic strokes. In the background, three small fishing boats drift on the open water, rendered with faint outlines. The image features a dim, sepia-toned antique texture, evoking a windy autumn atmosphere on worn silk.",16
images/10_CN_ShanShui__painting640.jpg,"CN_ShanShui, a riverside scene of daily life. On the water, a small covered fishing boat floats gently. On the riverbank, a group of figures, including a porter with a yoke and a child, are walking. The lines are delicate and precise. The image has a warm antique sepia tone with visible silk abrasions, evoking a peaceful and human atmosphere.",16
images/10_CN_ShanShui__painting642.jpg,"CN_ShanShui, a composition contrasting a heavy foreground rock with a delicate background element. A massive, dark boulder rendered with deep, wet ink washes occupies the lower section. Above it, floating on the river, is a fishing boat drawn with fine, faint lines. The water surface has subtle ripple marks. The image features a distressed antique texture with visible silk repairs and varying sepia tones, evoking a tranquil yet grounded river atmosphere.",16
images/30_CN_ShanShui__complete19.jpg,"CN_ShanShui, a panoramic landscape transitioning from a towering vertical peak on the left to a vast open river on the right. The steep mountain is heavily colored in azurite blue, cascading down to rolling green hills. A wooden trestle bridge spans a stream in the valley. On the right, a promontory with a village settlement extends into the water, surrounded by sparse trees. Tiny fishing boats float on the green ripple-textured water. The scene is set on aged golden silk, combining the ""high distance"" and ""flat distance"" perspectives to create a sense of expansive space.",16
images/30_CN_ShanShui__complete20.jpg,"CN_ShanShui, a wide panoramic landscape featuring a classic ""flat distance"" perspective. The composition is divided by a vast expanse of green water. The foreground shows a long, undulating bank of hills rendered in mineral green and ochre, dotted with sparse trees and a small riverside village with thatched cottages. A large fishing boat is docked on the right. Across the water, a range of rolling mountains painted in soft azurite blue stretches horizontally against the horizon. The background is aged golden silk, creating a sense of infinite space and tranquility.",16
images/30_CN_ShanShui__complete21.jpg,"CN_ShanShui, a panoramic composition contrasting a heavy mountainous landmass on the right with a vast open expanse of water on the left. The mountain features a cluster of rounded ""alum-lump"" peaks rendered in vibrant azurite blue and malachite green. At the mountain's base, a detailed village settlement with numerous thatched cottages sits on a promontory extending into the river. The water is textured with fine green ripples and dotted with tiny fishing boats. The background features low-lying distant hills fading into the golden silk, creating a sense of deep spatial recession.",16
images/30_CN_ShanShui__complete28.jpg,"CN_ShanShui, a sweeping panoramic landscape composition characterized by a multi-tiered waterfall cascading down the central mountain valley. The scene balances rugged terrain with open water. On the left, a flat, grassy riverbank extends into the river, dotted with rhythmic clusters of trees and docked fishing boats. On the right, towering peaks painted in heavy azurite blue shelter a secluded village complex tucked into a deep gorge. The background features faint mountain silhouettes against the golden silk, creating a sense of depth and grandeur.",16
images/30_CN_ShanShui__complete32.jpg,"CN_ShanShui, an expansive panoramic landscape transitioning from rugged terrain to open water. The left side is anchored by a cluster of steep mountains painted in vivid azurite blue and malachite green, sheltering a riverside village at their base. The right side opens up to a boundless expanse of green water, textured with fine ""fish-scale"" wave patterns. In the distance, rolling low-lying hills fade into the horizon. Tiny fishing boats are scattered across the vast river, emphasizing the scale of nature against the aged golden-brown silk background.",16
images/30_CN_ShanShui__complete4.jpg,"CN_ShanShui, an expansive level-distance panorama dominated by vast negative space representing the river and sky. A long, low-lying sandbank stretches horizontally across the mid-ground, populated by a rhythmic line of sparse trees with vertical trunks and dotted foliage. In the bottom right corner, a tiny, solitary fishing boat floats on the empty water, adding a sense of immense scale. The background features faint, ghostly silhouettes of distant mountains rendered in pale wash. The coarse texture of the fibrous antique paper interacts with the soft ink, enhancing the mood of serene emptiness and isolation.",16
images/10_CN_ShanShui__painting518.jpg,"CN_ShanShui, a wide-angle view of a vast, calm river surface with a small fishing boat drifting in the center. Two small figures are visible on the boat, rendered with minimalist outline strokes. In the foreground, faint traces of aquatic plants frame the bottom edge. The image features a dim, sepia-toned antique texture, evoking a desolate, misty, and poetic atmosphere on worn silk.",15
images/30_CN_ShanShui__complete47.jpg,"CN_ShanShui, a wide-angle panoramic view of a traditional Chinese landscape painting. The composition is dominated by soft, rolling earthen hills in the background, rendered with long, wavy hemp-fiber strokes (Pi Ma Cun) and heavy ink dots (moss dots) to suggest dense vegetation. A wide, calm river winds through the mid-ground, its surface represented by vast negative space and faint ink washes. In the foreground left, a cluster of wild reeds is depicted with sharp, calligraphic strokes on a small bank. A small fishing boat with two figures is nearby. In the center mid-ground, a village nestled within a dense grove of trees is visible on a large riverbank, where a group of figures is collectively pulling a large fishing net. The entire image features a dim, sepia-toned antique texture on worn silk, with a red collector's seal visible in the upper left corner, evoking a serene, misty, and poetic autumn atmosphere.",15
images/10_CN_ShanShui__painting906.jpg,"CN_ShanShui, a side-view close-up of a small, narrow fishing boat floating on a rippling river. The boat carries two figures drawn in delicate ink outlines; one sits at the bow engaging in activity, while the other steers at the stern. The river surface is filled with continuous, rhythmic net-like wave patterns using fine brushwork. The background features a grainy, antique golden hue, evoking the timeless daily life of fishermen depicted on worn silk.",14
